Day of Created At,Id
"11 February, 2017",1538
"11 February, 2017",1539
"11 February, 2017",1540
"19 February, 2017",1541
"15 February, 2017",1543
"15 February, 2017",1544
"15 February, 2017",1545
"15 February, 2017",1546
"15 February, 2017",1547
"16 February, 2017",1548
"18 February, 2017",1549
"18 February, 2017",1550
"18 February, 2017",1551
"18 February, 2017",1552
"20 February, 2017",1554
"21 February, 2017",1556
"21 February, 2017",1557
"22 February, 2017",1559
"22 February, 2017",1563
"22 February, 2017",1565
"22 February, 2017",1566
"22 February, 2017",1567
"22 February, 2017",1571
"23 February, 2017",1573
"23 February, 2017",1574
"23 February, 2017",1575
"23 February, 2017",1581
"23 February, 2017",1584
"23 February, 2017",1585
"23 February, 2017",1587
"24 February, 2017",1590
"24 February, 2017",1591
"24 February, 2017",1592
"24 February, 2017",1593
"24 February, 2017",1594
"24 February, 2017",1595
"24 February, 2017",1596
"24 February, 2017",1599
"24 February, 2017",1600
"24 February, 2017",1606
"24 February, 2017",1607
"24 February, 2017",1608
"25 February, 2017",1611
"27 February, 2017",1614
"27 February, 2017",1616
"27 February, 2017",1617
"27 February, 2017",1618
"27 February, 2017",1619
"27 February, 2017",1620
"27 February, 2017",1621
"27 February, 2017",1622
"27 February, 2017",1623
"27 February, 2017",1624
"27 February, 2017",1625
"27 February, 2017",1626
"27 February, 2017",1627
"27 February, 2017",1628
"27 February, 2017",1629
"27 February, 2017",1630
"27 February, 2017",1631
"27 February, 2017",1632
"27 February, 2017",1634
"27 February, 2017",1635
"27 February, 2017",1636
"28 February, 2017",1637
"28 February, 2017",1638
"28 February, 2017",1639
"28 February, 2017",1640
"28 February, 2017",1642
"28 February, 2017",1643
"28 February, 2017",1644
"28 February, 2017",1645
"28 February, 2017",1647
"28 February, 2017",1649
"28 February, 2017",1650
"28 February, 2017",1652
"1 March, 2017",1653
"1 March, 2017",1654
"1 March, 2017",1656
"1 March, 2017",1657
"1 March, 2017",1658
"1 March, 2017",1659
"1 March, 2017",1660
"1 March, 2017",1661
"1 March, 2017",1662
"1 March, 2017",1663
"1 March, 2017",1664
"1 March, 2017",1665
"1 March, 2017",1666
"1 March, 2017",1667
"1 March, 2017",1668
"1 March, 2017",1669
"1 March, 2017",1670
"1 March, 2017",1671
"1 March, 2017",1672
"1 March, 2017",1673
"1 March, 2017",1674
"1 March, 2017",1675
"1 March, 2017",1678
"1 March, 2017",1679
"1 March, 2017",1680
"1 March, 2017",1681
"1 March, 2017",1682
"1 March, 2017",1683
"1 March, 2017",1685
"1 March, 2017",1686
"2 March, 2017",1687
"2 March, 2017",1689
"2 March, 2017",1690
"2 March, 2017",1694
"2 March, 2017",1695
"2 March, 2017",1696
"3 March, 2017",1698
"3 March, 2017",1700
"3 March, 2017",1701
"3 March, 2017",1702
"3 March, 2017",1703
"3 March, 2017",1704
"3 March, 2017",1705
"3 March, 2017",1706
"3 March, 2017",1707
"3 March, 2017",1708
"3 March, 2017",1709
"3 March, 2017",1710
"3 March, 2017",1711
"3 March, 2017",1712
"3 March, 2017",1713
"3 March, 2017",1714
"3 March, 2017",1715
"6 March, 2017",1716
"6 March, 2017",1717
"6 March, 2017",1718
"7 March, 2017",1720
"7 March, 2017",1721
"7 March, 2017",1722
"7 March, 2017",1725
"7 March, 2017",1726
"7 March, 2017",1728
"8 March, 2017",1731
"8 March, 2017",1733
"8 March, 2017",1734
"9 March, 2017",1738
"9 March, 2017",1739
"9 March, 2017",1740
"9 March, 2017",1743
"10 March, 2017",1745
"10 March, 2017",1749
"10 March, 2017",1752
"10 March, 2017",1753
"10 March, 2017",1757
"11 March, 2017",1758
"12 March, 2017",1759
"13 March, 2017",1760
"13 March, 2017",1764
"13 March, 2017",1765
"13 March, 2017",1766
"13 March, 2017",1767
"13 March, 2017",1768
"13 March, 2017",1769
"14 March, 2017",1772
"14 March, 2017",1773
"14 March, 2017",1774
"14 March, 2017",1775
"14 March, 2017",1777
"14 March, 2017",1778
"15 March, 2017",1779
"15 March, 2017",1783
"15 March, 2017",1784
"15 March, 2017",1785
"15 March, 2017",1786
"15 March, 2017",1787
"15 March, 2017",1788
"15 March, 2017",1789
"15 March, 2017",1791
"15 March, 2017",1792
"15 March, 2017",1794
"15 March, 2017",1795
"15 March, 2017",1796
"15 March, 2017",1797
"15 March, 2017",1798
"16 March, 2017",1799
"16 March, 2017",1800
"16 March, 2017",1801
"17 March, 2017",1803
"17 March, 2017",1804
"17 March, 2017",1806
"17 March, 2017",1808
"17 March, 2017",1809
"17 March, 2017",1811
"18 March, 2017",1814
"20 March, 2017",1816
"20 March, 2017",1817
"20 March, 2017",1821
"20 March, 2017",1822
"20 March, 2017",1823
"20 March, 2017",1824
"20 March, 2017",1826
"20 March, 2017",1827
"21 March, 2017",1828
"21 March, 2017",1830
"21 March, 2017",1832
"22 March, 2017",1834
"22 March, 2017",1837
"22 March, 2017",1838
"23 March, 2017",1841
"23 March, 2017",1842
"23 March, 2017",1844
"23 March, 2017",1846
"23 March, 2017",1847
"23 March, 2017",1848
"23 March, 2017",1849
"23 March, 2017",1850
"23 March, 2017",1853
"24 March, 2017",1854
"24 March, 2017",1861
"24 March, 2017",1862
"24 March, 2017",1863
"25 March, 2017",1864
"25 March, 2017",1865
"27 March, 2017",1870
"27 March, 2017",1872
"27 March, 2017",1874
"28 March, 2017",1875
"28 March, 2017",1876
"28 March, 2017",1878
"28 March, 2017",1879
"28 March, 2017",1880
"28 March, 2017",1882
"28 March, 2017",1883
"29 March, 2017",1887
"29 March, 2017",1891
"29 March, 2017",1893
"29 March, 2017",1895
"30 March, 2017",1898
"30 March, 2017",1899
"30 March, 2017",1900
"30 March, 2017",1901
"30 March, 2017",1902
"30 March, 2017",1903
"30 March, 2017",1905
"30 March, 2017",1906
"30 March, 2017",1908
"31 March, 2017",1909
"31 March, 2017",1911
"31 March, 2017",1914
"31 March, 2017",1915
"31 March, 2017",1916
"1 April, 2017",1917
"2 April, 2017",1918
"2 April, 2017",1919
"3 April, 2017",1922
"3 April, 2017",1923
"3 April, 2017",1924
"3 April, 2017",1927
"3 April, 2017",1928
"3 April, 2017",1929
"3 April, 2017",1930
"4 April, 2017",1931
"4 April, 2017",1932
"4 April, 2017",1934
"4 April, 2017",1935
"4 April, 2017",1936
"4 April, 2017",1937
"4 April, 2017",1938
"5 April, 2017",1941
"5 April, 2017",1942
"5 April, 2017",1944
"5 April, 2017",1946
"5 April, 2017",1947
"5 April, 2017",1948
"6 April, 2017",1949
"6 April, 2017",1950
"6 April, 2017",1951
"6 April, 2017",1952
"6 April, 2017",1953
"6 April, 2017",1955
"6 April, 2017",1956
"6 April, 2017",1958
"6 April, 2017",1959
"6 April, 2017",1960
"6 April, 2017",1962
"7 April, 2017",1963
"7 April, 2017",1964
"7 April, 2017",1967
"7 April, 2017",1969
"7 April, 2017",1970
"7 April, 2017",1971
"7 April, 2017",1972
"7 April, 2017",1976
"7 April, 2017",1977
"7 April, 2017",1978
"7 April, 2017",1979
"8 April, 2017",1980
"8 April, 2017",1981
"10 April, 2017",1982
"10 April, 2017",1983
"10 April, 2017",1984
"10 April, 2017",1985
"10 April, 2017",1987
"10 April, 2017",1988
"10 April, 2017",1990
"11 April, 2017",1996
"11 April, 2017",1997
"11 April, 2017",1999
"11 April, 2017",2000
"11 April, 2017",2001
"11 April, 2017",2003
"12 April, 2017",2004
"12 April, 2017",2005
"13 April, 2017",2015
"14 April, 2017",2018
"14 April, 2017",2019
"14 April, 2017",2020
"14 April, 2017",2021
"16 April, 2017",2022
"17 April, 2017",2023
"17 April, 2017",2026
"17 April, 2017",2027
"18 April, 2017",2028
"19 April, 2017",2030
"19 April, 2017",2033
"19 April, 2017",2036
"19 April, 2017",2037
"19 April, 2017",2038
"20 April, 2017",2043
"20 April, 2017",2044
"20 April, 2017",2045
"20 April, 2017",2046
"20 April, 2017",2047
"20 April, 2017",2048
"20 April, 2017",2049
"21 April, 2017",2050
"21 April, 2017",2051
"21 April, 2017",2052
"21 April, 2017",2053
"21 April, 2017",2054
"21 April, 2017",2056
"21 April, 2017",2057
"24 April, 2017",2059
"24 April, 2017",2061
"24 April, 2017",2062
"24 April, 2017",2066
"24 April, 2017",2067
"25 April, 2017",2068
"25 April, 2017",2069
"25 April, 2017",2071
"25 April, 2017",2072
"25 April, 2017",2074
"25 April, 2017",2075
"25 April, 2017",2076
"25 April, 2017",2077
"25 April, 2017",2078
"25 April, 2017",2079
"25 April, 2017",2080
"25 April, 2017",2082
"26 April, 2017",2084
"26 April, 2017",2086
"26 April, 2017",2090
"26 April, 2017",2092
"27 April, 2017",2094
"27 April, 2017",2095
"27 April, 2017",2096
"27 April, 2017",2097
"27 April, 2017",2098
"27 April, 2017",2099
"27 April, 2017",2100
"27 April, 2017",2102
"27 April, 2017",2103
"28 April, 2017",2105
"28 April, 2017",2106
"28 April, 2017",2107
"28 April, 2017",2109
"28 April, 2017",2110
"28 April, 2017",2111
"28 April, 2017",2114
"28 April, 2017",2117
"1 May, 2017",2121
"2 May, 2017",2122
"2 May, 2017",2123
"2 May, 2017",2124
"2 May, 2017",2126
"2 May, 2017",2127
"2 May, 2017",2128
"3 May, 2017",2129
"3 May, 2017",2131
"3 May, 2017",2132
"3 May, 2017",2133
"3 May, 2017",2134
"3 May, 2017",2137
"3 May, 2017",2138
"3 May, 2017",2139
"3 May, 2017",2143
"4 May, 2017",2148
"4 May, 2017",2149
"4 May, 2017",2150
"4 May, 2017",2151
"4 May, 2017",2156
"5 May, 2017",2157
"5 May, 2017",2159
"5 May, 2017",2161
"5 May, 2017",2162
"5 May, 2017",2163
"5 May, 2017",2165
"5 May, 2017",2167
"5 May, 2017",2170
"5 May, 2017",2172
"5 May, 2017",2173
"5 May, 2017",2176
"5 May, 2017",2181
"5 May, 2017",2183
"6 May, 2017",2185
"8 May, 2017",2186
"8 May, 2017",2187
"8 May, 2017",2188
"8 May, 2017",2189
"8 May, 2017",2195
"8 May, 2017",2197
"9 May, 2017",2198
"9 May, 2017",2199
"9 May, 2017",2200
"9 May, 2017",2201
"9 May, 2017",2202
"9 May, 2017",2203
"10 May, 2017",2204
"10 May, 2017",2208
"10 May, 2017",2209
"10 May, 2017",2211
"10 May, 2017",2212
"10 May, 2017",2213
"11 May, 2017",2214
"11 May, 2017",2215
"11 May, 2017",2216
"11 May, 2017",2218
"11 May, 2017",2219
"11 May, 2017",2220
"11 May, 2017",2221
"11 May, 2017",2222
"11 May, 2017",2223
"11 May, 2017",2226
"11 May, 2017",2230
"12 May, 2017",2235
"12 May, 2017",2236
"12 May, 2017",2237
"12 May, 2017",2239
"12 May, 2017",2240
"12 May, 2017",2242
"12 May, 2017",2243
"12 May, 2017",2244
"12 May, 2017",2245
"12 May, 2017",2246
"12 May, 2017",2247
"13 May, 2017",2248
"15 May, 2017",2250
"15 May, 2017",2251
"15 May, 2017",2252
"15 May, 2017",2255
"15 May, 2017",2256
"15 May, 2017",2257
"16 May, 2017",2259
"16 May, 2017",2261
"16 May, 2017",2262
"16 May, 2017",2263
"16 May, 2017",2265
"17 May, 2017",2271
"17 May, 2017",2272
"17 May, 2017",2273
"18 May, 2017",2276
"18 May, 2017",2277
"19 May, 2017",2280
"19 May, 2017",2282
"19 May, 2017",2283
"19 May, 2017",2284
"19 May, 2017",2285
"21 May, 2017",2290
"21 May, 2017",2291
"21 May, 2017",2293
"21 May, 2017",2294
"23 May, 2017",2295
"23 May, 2017",2298
"23 May, 2017",2299
"23 May, 2017",2301
"23 May, 2017",2302
"23 May, 2017",2303
"23 May, 2017",2305
"24 May, 2017",2306
"24 May, 2017",2308
"24 May, 2017",2309
"24 May, 2017",2310
"24 May, 2017",2311
"24 May, 2017",2312
"25 May, 2017",2314
"25 May, 2017",2315
"25 May, 2017",2316
"25 May, 2017",2317
"25 May, 2017",2319
"25 May, 2017",2321
"25 May, 2017",2322
"25 May, 2017",2323
"25 May, 2017",2324
"25 May, 2017",2326
"26 May, 2017",2327
"26 May, 2017",2328
"26 May, 2017",2330
"26 May, 2017",2331
"26 May, 2017",2332
"26 May, 2017",2333
"27 May, 2017",2334
"27 May, 2017",2335
"29 May, 2017",2336
"30 May, 2017",2337
"30 May, 2017",2339
"30 May, 2017",2341
"31 May, 2017",2342
"31 May, 2017",2343
"31 May, 2017",2344
"31 May, 2017",2348
"31 May, 2017",2349
"31 May, 2017",2350
"1 June, 2017",2352
"1 June, 2017",2355
"1 June, 2017",2357
"1 June, 2017",2361
"1 June, 2017",2362
"1 June, 2017",2363
"1 June, 2017",2364
"2 June, 2017",2365
"2 June, 2017",2368
"2 June, 2017",2369
"2 June, 2017",2370
"2 June, 2017",2371
"4 June, 2017",2373
"4 June, 2017",2375
"5 June, 2017",2376
"6 June, 2017",2379
"6 June, 2017",2381
"6 June, 2017",2382
"6 June, 2017",2385
"6 June, 2017",2386
"6 June, 2017",2387
"6 June, 2017",2388
"7 June, 2017",2390
"7 June, 2017",2393
"7 June, 2017",2395
"7 June, 2017",2396
"7 June, 2017",2398
"8 June, 2017",2399
"8 June, 2017",2400
"8 June, 2017",2401
"8 June, 2017",2403
"8 June, 2017",2404
"8 June, 2017",2405
"9 June, 2017",2407
"9 June, 2017",2408
"12 June, 2017",2415
"13 June, 2017",2416
"13 June, 2017",2417
"13 June, 2017",2418
"13 June, 2017",2419
"13 June, 2017",2420
"14 June, 2017",2423
"14 June, 2017",2424
"15 June, 2017",2425
"15 June, 2017",2426
"15 June, 2017",2427
"15 June, 2017",2428
"15 June, 2017",2429
"16 June, 2017",2431
"16 June, 2017",2432
"16 June, 2017",2433
"16 June, 2017",2436
"16 June, 2017",2440
"17 June, 2017",2441
"20 June, 2017",2442
"20 June, 2017",2443
"20 June, 2017",2445
"20 June, 2017",2447
"22 June, 2017",2448
"22 June, 2017",2449
"22 June, 2017",2450
"22 June, 2017",2451
"22 June, 2017",2452
"23 June, 2017",2453
"23 June, 2017",2454
"27 June, 2017",2466
"27 June, 2017",2467
"27 June, 2017",2469
"28 June, 2017",2472
"29 June, 2017",2475
"29 June, 2017",2476
"29 June, 2017",2478
"30 June, 2017",2480
"30 June, 2017",2481
"30 June, 2017",2482
"30 June, 2017",2483
"3 July, 2017",2485
"4 July, 2017",2488
"5 July, 2017",2493
"6 July, 2017",2494
"6 July, 2017",2495
"6 July, 2017",2496
"6 July, 2017",2498
"6 July, 2017",2499
"6 July, 2017",2500
"6 July, 2017",2501
"6 July, 2017",2502
"6 July, 2017",2506
"7 July, 2017",2507
"7 July, 2017",2508
"7 July, 2017",2509
"7 July, 2017",2511
"7 July, 2017",2512
"7 July, 2017",2513
"7 July, 2017",2514
"7 July, 2017",2515
"7 July, 2017",2516
"7 July, 2017",2517
"7 July, 2017",2518
"7 July, 2017",2519
"7 July, 2017",2520
"7 July, 2017",2521
"7 July, 2017",2522
"7 July, 2017",2523
"7 July, 2017",2524
"7 July, 2017",2525
"7 July, 2017",2526
"7 July, 2017",2527
"9 July, 2017",2531
"9 July, 2017",2532
"9 July, 2017",2533
"9 July, 2017",2534
"10 July, 2017",2535
"10 July, 2017",2539
"10 July, 2017",2540
"11 July, 2017",2542
"11 July, 2017",2545
"11 July, 2017",2546
"11 July, 2017",2547
"11 July, 2017",2549
"11 July, 2017",2551
"12 July, 2017",2562
"13 July, 2017",2563
"13 July, 2017",2564
"14 July, 2017",2579
"14 July, 2017",2581
"14 July, 2017",2583
"17 July, 2017",2585
"17 July, 2017",2587
"17 July, 2017",2588
"17 July, 2017",2589
"18 July, 2017",2593
"18 July, 2017",2594
"18 July, 2017",2595
"18 July, 2017",2596
"18 July, 2017",2597
"19 July, 2017",2598
"19 July, 2017",2600
"19 July, 2017",2602
"19 July, 2017",2608
"20 July, 2017",2609
"20 July, 2017",2610
"20 July, 2017",2612
"21 July, 2017",2613
"21 July, 2017",2614
"21 July, 2017",2616
"21 July, 2017",2619
"23 July, 2017",2623
"24 July, 2017",2625
"24 July, 2017",2629
"24 July, 2017",2632
"24 July, 2017",2633
"25 July, 2017",2636
"25 July, 2017",2638
"25 July, 2017",2643
"25 July, 2017",2644
"25 July, 2017",2645
"25 July, 2017",2646
"25 July, 2017",2648
"25 July, 2017",2649
"26 July, 2017",2654
"26 July, 2017",2655
"26 July, 2017",2656
"26 July, 2017",2658
"26 July, 2017",2660
"26 July, 2017",2661
"26 July, 2017",2663
"26 July, 2017",2666
"26 July, 2017",2667
"27 July, 2017",2670
"27 July, 2017",2671
"27 July, 2017",2672
"27 July, 2017",2673
"27 July, 2017",2675
"27 July, 2017",2677
"27 July, 2017",2678
"27 July, 2017",2680
"27 July, 2017",2682
"27 July, 2017",2683
"27 July, 2017",2689
"27 July, 2017",2690
"28 July, 2017",2691
"28 July, 2017",2692
"28 July, 2017",2694
"28 July, 2017",2695
"28 July, 2017",2696
"28 July, 2017",2697
"28 July, 2017",2699
"28 July, 2017",2700
"28 July, 2017",2701
"28 July, 2017",2702
"28 July, 2017",2703
"30 July, 2017",2705
"30 July, 2017",2706
"31 July, 2017",2707
"31 July, 2017",2708
"31 July, 2017",2709
"31 July, 2017",2710
"31 July, 2017",2712
"31 July, 2017",2714
"1 August, 2017",2715
"1 August, 2017",2718
"1 August, 2017",2720
"1 August, 2017",2723
"1 August, 2017",2726
"1 August, 2017",2728
"1 August, 2017",2729
"1 August, 2017",2732
"1 August, 2017",2734
"1 August, 2017",2737
"1 August, 2017",2740
"1 August, 2017",2741
"1 August, 2017",2745
"1 August, 2017",2747
"1 August, 2017",2748
"1 August, 2017",2750
"1 August, 2017",2751
"1 August, 2017",2752
"1 August, 2017",2754
"1 August, 2017",2755
"1 August, 2017",2756
"1 August, 2017",2762
"2 August, 2017",2763
"2 August, 2017",2766
"2 August, 2017",2767
"2 August, 2017",2768
"2 August, 2017",2770
"2 August, 2017",2771
"2 August, 2017",2772
"2 August, 2017",2773
"2 August, 2017",2774
"2 August, 2017",2777
"2 August, 2017",2782
"2 August, 2017",2783
"2 August, 2017",2784
"2 August, 2017",2785
"2 August, 2017",2786
"2 August, 2017",2788
"3 August, 2017",2795
"3 August, 2017",2796
"3 August, 2017",2797
"3 August, 2017",2798
"3 August, 2017",2799
"3 August, 2017",2800
"3 August, 2017",2801
"3 August, 2017",2803
"3 August, 2017",2805
"3 August, 2017",2806
"3 August, 2017",2807
"3 August, 2017",2808
"3 August, 2017",2811
"3 August, 2017",2812
"3 August, 2017",2814
"3 August, 2017",2818
"4 August, 2017",2819
"4 August, 2017",2821
"4 August, 2017",2822
"4 August, 2017",2823
"4 August, 2017",2825
"4 August, 2017",2829
"4 August, 2017",2830
"4 August, 2017",2831
"4 August, 2017",2832
"4 August, 2017",2834
"4 August, 2017",2835
"4 August, 2017",2836
"4 August, 2017",2837
"4 August, 2017",2838
"4 August, 2017",2840
"5 August, 2017",2841
"7 August, 2017",2844
"7 August, 2017",2845
"7 August, 2017",2849
"8 August, 2017",2850
"8 August, 2017",2851
"8 August, 2017",2852
"8 August, 2017",2853
"8 August, 2017",2854
"8 August, 2017",2857
"8 August, 2017",2858
"8 August, 2017",2862
"8 August, 2017",2863
"8 August, 2017",2864
"8 August, 2017",2867
"8 August, 2017",2868
"8 August, 2017",2869
"8 August, 2017",2870
"8 August, 2017",2871
"8 August, 2017",2872
"8 August, 2017",2875
"8 August, 2017",2876
"8 August, 2017",2877
"8 August, 2017",2878
"9 August, 2017",2881
"9 August, 2017",2884
"9 August, 2017",2885
"9 August, 2017",2888
"9 August, 2017",2890
"9 August, 2017",2892
"9 August, 2017",2893
"9 August, 2017",2894
"9 August, 2017",2902
"9 August, 2017",2903
"10 August, 2017",2906
"10 August, 2017",2907
"10 August, 2017",2915
"10 August, 2017",2916
"10 August, 2017",2918
"10 August, 2017",2920
"10 August, 2017",2922
"10 August, 2017",2924
"10 August, 2017",2926
"10 August, 2017",2927
"10 August, 2017",2929
"10 August, 2017",2930
"10 August, 2017",2932
"10 August, 2017",2933
"10 August, 2017",2935
"10 August, 2017",2937
"10 August, 2017",2938
"10 August, 2017",2939
"10 August, 2017",2941
"10 August, 2017",2944
"10 August, 2017",2945
"11 August, 2017",2949
"11 August, 2017",2951
"11 August, 2017",2952
"11 August, 2017",2953
"11 August, 2017",2954
"11 August, 2017",2955
"11 August, 2017",2956
"11 August, 2017",2958
"11 August, 2017",2959
"11 August, 2017",2960
"11 August, 2017",2961
"11 August, 2017",2962
"11 August, 2017",2963
"11 August, 2017",2964
"11 August, 2017",2965
"11 August, 2017",2966
"11 August, 2017",2967
"12 August, 2017",2970
"12 August, 2017",2971
"13 August, 2017",2972
"14 August, 2017",2973
"14 August, 2017",2975
"14 August, 2017",2976
"14 August, 2017",2980
"14 August, 2017",2981
"14 August, 2017",2982
"14 August, 2017",2983
"14 August, 2017",2984
"14 August, 2017",2985
"14 August, 2017",2986
"14 August, 2017",2990
"14 August, 2017",2992
"14 August, 2017",2993
"14 August, 2017",2995
"14 August, 2017",2996
"14 August, 2017",2997
"14 August, 2017",3002
"15 August, 2017",3003
"15 August, 2017",3007
"15 August, 2017",3009
"15 August, 2017",3010
"15 August, 2017",3011
"15 August, 2017",3012
"15 August, 2017",3013
"15 August, 2017",3014
"15 August, 2017",3015
"15 August, 2017",3016
"15 August, 2017",3017
"15 August, 2017",3019
"15 August, 2017",3020
"15 August, 2017",3021
"15 August, 2017",3024
"15 August, 2017",3026
"15 August, 2017",3027
"15 August, 2017",3028
"15 August, 2017",3030
"15 August, 2017",3032
"15 August, 2017",3033
"15 August, 2017",3034
"16 August, 2017",3035
"16 August, 2017",3039
"16 August, 2017",3040
"16 August, 2017",3043
"16 August, 2017",3044
"16 August, 2017",3046
"16 August, 2017",3049
"16 August, 2017",3050
"16 August, 2017",3051
"16 August, 2017",3053
"16 August, 2017",3054
"16 August, 2017",3056
"16 August, 2017",3060
"16 August, 2017",3061
"16 August, 2017",3062
"16 August, 2017",3065
"16 August, 2017",3066
"17 August, 2017",3072
"17 August, 2017",3075
"17 August, 2017",3077
"17 August, 2017",3079
"17 August, 2017",3080
"17 August, 2017",3081
"17 August, 2017",3082
"17 August, 2017",3091
"18 August, 2017",3094
"18 August, 2017",3095
"18 August, 2017",3096
"18 August, 2017",3097
"18 August, 2017",3098
"18 August, 2017",3099
"18 August, 2017",3100
"18 August, 2017",3101
"18 August, 2017",3102
"18 August, 2017",3103
"18 August, 2017",3104
"18 August, 2017",3105
"18 August, 2017",3107
"18 August, 2017",3109
"18 August, 2017",3112
"18 August, 2017",3113
"18 August, 2017",3114
"18 August, 2017",3115
"21 August, 2017",3119
"21 August, 2017",3121
"21 August, 2017",3122
"21 August, 2017",3123
"21 August, 2017",3124
"21 August, 2017",3125
"21 August, 2017",3128
"21 August, 2017",3129
"21 August, 2017",3130
"21 August, 2017",3131
"21 August, 2017",3132
"21 August, 2017",3134
"21 August, 2017",3135
"21 August, 2017",3137
"21 August, 2017",3140
"21 August, 2017",3142
"21 August, 2017",3144
"21 August, 2017",3146
"22 August, 2017",3147
"22 August, 2017",3151
"22 August, 2017",3153
"22 August, 2017",3154
"22 August, 2017",3157
"22 August, 2017",3158
"22 August, 2017",3159
"22 August, 2017",3160
"22 August, 2017",3162
"22 August, 2017",3163
"22 August, 2017",3164
"22 August, 2017",3166
"22 August, 2017",3167
"22 August, 2017",3169
"22 August, 2017",3172
"22 August, 2017",3174
"23 August, 2017",3175
"23 August, 2017",3181
"23 August, 2017",3182
"23 August, 2017",3183
"23 August, 2017",3185
"23 August, 2017",3190
"23 August, 2017",3191
"23 August, 2017",3193
"23 August, 2017",3196
"23 August, 2017",3197
"23 August, 2017",3200
"24 August, 2017",3204
"24 August, 2017",3206
"24 August, 2017",3207
"24 August, 2017",3208
"24 August, 2017",3209
"24 August, 2017",3212
"24 August, 2017",3213
"24 August, 2017",3214
"24 August, 2017",3215
"24 August, 2017",3218
"24 August, 2017",3220
"24 August, 2017",3223
"25 August, 2017",3224
"25 August, 2017",3225
"25 August, 2017",3226
"25 August, 2017",3228
"25 August, 2017",3229
"25 August, 2017",3231
"25 August, 2017",3233
"25 August, 2017",3237
"25 August, 2017",3238
"25 August, 2017",3239
"25 August, 2017",3242
"25 August, 2017",3243
"25 August, 2017",3244
"25 August, 2017",3246
"25 August, 2017",3247
"25 August, 2017",3248
"25 August, 2017",3249
"25 August, 2017",3250
"25 August, 2017",3251
"25 August, 2017",3252
"25 August, 2017",3253
"25 August, 2017",3254
"25 August, 2017",3255
"26 August, 2017",3257
"28 August, 2017",3259
"28 August, 2017",3261
"28 August, 2017",3263
"28 August, 2017",3264
"28 August, 2017",3265
"28 August, 2017",3266
"28 August, 2017",3267
"28 August, 2017",3269
"28 August, 2017",3270
"28 August, 2017",3272
"28 August, 2017",3273
"28 August, 2017",3276
"28 August, 2017",3278
"28 August, 2017",3279
"28 August, 2017",3280
"28 August, 2017",3281
"28 August, 2017",3283
"28 August, 2017",3285
"28 August, 2017",3286
"28 August, 2017",3288
"28 August, 2017",3289
"28 August, 2017",3294
"28 August, 2017",3295
"29 August, 2017",3298
"29 August, 2017",3299
"29 August, 2017",3301
"29 August, 2017",3302
"29 August, 2017",3303
"29 August, 2017",3304
"29 August, 2017",3305
"29 August, 2017",3306
"29 August, 2017",3307
"29 August, 2017",3308
"29 August, 2017",3309
"29 August, 2017",3312
"29 August, 2017",3314
"29 August, 2017",3315
"29 August, 2017",3318
"29 August, 2017",3319
"29 August, 2017",3322
"29 August, 2017",3323
"29 August, 2017",3324
"29 August, 2017",3327
"29 August, 2017",3329
"29 August, 2017",3332
"29 August, 2017",3334
"29 August, 2017",3337
"30 August, 2017",3339
"30 August, 2017",3341
"30 August, 2017",3342
"30 August, 2017",3343
"30 August, 2017",3344
"30 August, 2017",3346
"30 August, 2017",3347
"30 August, 2017",3350
"30 August, 2017",3351
"30 August, 2017",3352
"30 August, 2017",3353
"30 August, 2017",3354
"30 August, 2017",3355
"30 August, 2017",3359
"30 August, 2017",3360
"30 August, 2017",3361
"30 August, 2017",3362
"30 August, 2017",3363
"30 August, 2017",3364
"30 August, 2017",3365
"31 August, 2017",3369
"31 August, 2017",3370
"31 August, 2017",3372
"31 August, 2017",3373
"31 August, 2017",3374
"31 August, 2017",3376
"31 August, 2017",3377
"31 August, 2017",3379
"31 August, 2017",3381
"31 August, 2017",3385
"31 August, 2017",3386
"31 August, 2017",3387
"1 September, 2017",3391
"1 September, 2017",3392
"1 September, 2017",3393
"1 September, 2017",3395
"1 September, 2017",3396
"1 September, 2017",3397
"1 September, 2017",3399
"1 September, 2017",3400
"1 September, 2017",3401
"1 September, 2017",3405
"1 September, 2017",3406
"1 September, 2017",3407
"1 September, 2017",3410
"1 September, 2017",3411
"1 September, 2017",3416
"1 September, 2017",3418
"1 September, 2017",3419
"1 September, 2017",3420
"1 September, 2017",3422
"1 September, 2017",3423
"1 September, 2017",3424
"1 September, 2017",3425
"1 September, 2017",3426
"1 September, 2017",3427
"1 September, 2017",3428
"2 September, 2017",3429
"2 September, 2017",3430
"2 September, 2017",3431
"3 September, 2017",3433
"4 September, 2017",3435
"4 September, 2017",3436
"5 September, 2017",3437
"5 September, 2017",3440
"5 September, 2017",3441
"5 September, 2017",3442
"5 September, 2017",3443
"5 September, 2017",3446
"5 September, 2017",3447
"5 September, 2017",3448
"5 September, 2017",3449
"5 September, 2017",3450
"5 September, 2017",3451
"5 September, 2017",3454
"6 September, 2017",3455
"6 September, 2017",3456
"6 September, 2017",3458
"6 September, 2017",3459
"6 September, 2017",3461
"6 September, 2017",3462
"6 September, 2017",3463
"6 September, 2017",3464
"6 September, 2017",3465
"6 September, 2017",3468
"6 September, 2017",3469
"6 September, 2017",3471
"6 September, 2017",3472
"6 September, 2017",3473
"6 September, 2017",3474
"6 September, 2017",3475
"6 September, 2017",3476
"7 September, 2017",3480
"7 September, 2017",3481
"7 September, 2017",3485
"7 September, 2017",3486
"7 September, 2017",3488
"7 September, 2017",3489
"7 September, 2017",3490
"7 September, 2017",3491
"7 September, 2017",3492
"7 September, 2017",3494
"7 September, 2017",3495
"7 September, 2017",3496
"7 September, 2017",3497
"7 September, 2017",3501
"7 September, 2017",3502
"8 September, 2017",3503
"8 September, 2017",3504
"8 September, 2017",3505
"8 September, 2017",3509
"8 September, 2017",3513
"8 September, 2017",3517
"8 September, 2017",3518
"8 September, 2017",3519
"8 September, 2017",3520
"8 September, 2017",3521
"8 September, 2017",3522
"8 September, 2017",3523
"8 September, 2017",3526
"8 September, 2017",3527
"8 September, 2017",3528
"9 September, 2017",3529
"11 September, 2017",3535
"11 September, 2017",3537
"11 September, 2017",3538
"11 September, 2017",3539
"11 September, 2017",3540
"11 September, 2017",3541
"11 September, 2017",3542
"11 September, 2017",3543
"11 September, 2017",3544
"11 September, 2017",3545
"11 September, 2017",3546
"11 September, 2017",3548
"11 September, 2017",3549
"11 September, 2017",3550
"11 September, 2017",3551
"11 September, 2017",3552
"11 September, 2017",3554
"11 September, 2017",3556
"12 September, 2017",3557
"12 September, 2017",3558
"12 September, 2017",3559
"12 September, 2017",3561
"12 September, 2017",3562
"12 September, 2017",3563
"12 September, 2017",3565
"12 September, 2017",3566
"12 September, 2017",3567
"12 September, 2017",3573
"12 September, 2017",3575
"12 September, 2017",3576
"12 September, 2017",3577
"12 September, 2017",3579
"13 September, 2017",3583
"13 September, 2017",3585
"13 September, 2017",3586
"13 September, 2017",3587
"13 September, 2017",3588
"13 September, 2017",3589
"13 September, 2017",3590
"13 September, 2017",3592
"13 September, 2017",3593
"13 September, 2017",3595
"13 September, 2017",3596
"13 September, 2017",3597
"13 September, 2017",3598
"13 September, 2017",3600
"13 September, 2017",3601
"13 September, 2017",3602
"13 September, 2017",3603
"13 September, 2017",3604
"13 September, 2017",3605
"14 September, 2017",3608
"14 September, 2017",3610
"14 September, 2017",3613
"14 September, 2017",3618
"14 September, 2017",3619
"14 September, 2017",3620
"14 September, 2017",3621
"14 September, 2017",3622
"14 September, 2017",3625
"14 September, 2017",3628
"15 September, 2017",3630
"15 September, 2017",3632
"15 September, 2017",3633
"15 September, 2017",3634
"15 September, 2017",3635
"15 September, 2017",3636
"15 September, 2017",3638
"15 September, 2017",3639
"15 September, 2017",3640
"15 September, 2017",3641
"15 September, 2017",3642
"15 September, 2017",3645
"15 September, 2017",3646
"15 September, 2017",3647
"15 September, 2017",3649
"15 September, 2017",3650
"15 September, 2017",3651
"15 September, 2017",3652
"15 September, 2017",3653
"15 September, 2017",3654
"15 September, 2017",3655
"15 September, 2017",3658
"15 September, 2017",3659
"16 September, 2017",3661
"17 September, 2017",3662
"18 September, 2017",3666
"18 September, 2017",3667
"18 September, 2017",3670
"18 September, 2017",3672
"18 September, 2017",3673
"18 September, 2017",3674
"18 September, 2017",3675
"18 September, 2017",3677
"18 September, 2017",3678
"18 September, 2017",3679
"19 September, 2017",3682
"19 September, 2017",3683
"19 September, 2017",3687
"19 September, 2017",3689
"19 September, 2017",3690
"19 September, 2017",3694
"19 September, 2017",3696
"19 September, 2017",3697
"19 September, 2017",3700
"19 September, 2017",3701
"19 September, 2017",3702
"19 September, 2017",3703
"19 September, 2017",3704
"20 September, 2017",3706
"20 September, 2017",3708
"20 September, 2017",3710
"20 September, 2017",3712
"20 September, 2017",3713
"20 September, 2017",3714
"20 September, 2017",3715
"20 September, 2017",3716
"20 September, 2017",3717
"20 September, 2017",3719
"20 September, 2017",3720
"20 September, 2017",3721
"20 September, 2017",3722
"21 September, 2017",3725
"21 September, 2017",3726
"21 September, 2017",3727
"21 September, 2017",3728
"21 September, 2017",3731
"21 September, 2017",3732
"21 September, 2017",3733
"21 September, 2017",3734
"21 September, 2017",3735
"22 September, 2017",3738
"22 September, 2017",3740
"22 September, 2017",3741
"22 September, 2017",3743
"22 September, 2017",3745
"22 September, 2017",3746
"22 September, 2017",3747
"22 September, 2017",3749
"22 September, 2017",3750
"22 September, 2017",3752
"22 September, 2017",3756
"22 September, 2017",3757
"22 September, 2017",3758
"23 September, 2017",3761
"25 September, 2017",3762
"25 September, 2017",3764
"25 September, 2017",3765
"25 September, 2017",3771
"25 September, 2017",3772
"25 September, 2017",3774
"25 September, 2017",3775
"25 September, 2017",3776
"26 September, 2017",3777
"26 September, 2017",3779
"26 September, 2017",3780
"26 September, 2017",3781
"26 September, 2017",3782
"26 September, 2017",3784
"26 September, 2017",3785
"26 September, 2017",3787
"27 September, 2017",3792
"27 September, 2017",3793
"27 September, 2017",3794
"27 September, 2017",3795
"27 September, 2017",3796
"27 September, 2017",3797
"28 September, 2017",3801
"28 September, 2017",3802
"28 September, 2017",3803
"28 September, 2017",3804
"28 September, 2017",3806
"28 September, 2017",3807
"28 September, 2017",3808
"28 September, 2017",3809
"28 September, 2017",3810
"28 September, 2017",3812
"28 September, 2017",3814
"29 September, 2017",3815
"29 September, 2017",3816
"29 September, 2017",3818
"29 September, 2017",3819
"29 September, 2017",3820
"29 September, 2017",3822
"29 September, 2017",3823
"2 October, 2017",3825
"2 October, 2017",3826
"2 October, 2017",3829
"2 October, 2017",3830
"2 October, 2017",3831
"2 October, 2017",3837
"2 October, 2017",3838
"2 October, 2017",3839
"2 October, 2017",3840
"2 October, 2017",3841
"3 October, 2017",3843
"3 October, 2017",3844
"3 October, 2017",3845
"4 October, 2017",3848
"4 October, 2017",3849
"4 October, 2017",3850
"4 October, 2017",3851
"4 October, 2017",3852
"4 October, 2017",3853
"4 October, 2017",3855
"4 October, 2017",3858
"5 October, 2017",3860
"5 October, 2017",3861
"5 October, 2017",3863
"5 October, 2017",3864
"5 October, 2017",3865
"5 October, 2017",3866
"5 October, 2017",3867
"5 October, 2017",3869
"5 October, 2017",3870
"5 October, 2017",3871
"6 October, 2017",3873
"6 October, 2017",3874
"6 October, 2017",3875
"6 October, 2017",3876
"9 October, 2017",3878
"9 October, 2017",3879
"10 October, 2017",3883
"10 October, 2017",3884
"11 October, 2017",3886
"11 October, 2017",3891
"12 October, 2017",3893
"12 October, 2017",3894
"13 October, 2017",3895
"13 October, 2017",3897
"13 October, 2017",3900
"13 October, 2017",3901
"15 October, 2017",3904
"16 October, 2017",3906
"17 October, 2017",3907
"18 October, 2017",3908
"18 October, 2017",3911
"19 October, 2017",3915
"20 October, 2017",3916
"20 October, 2017",3917
"22 October, 2017",3920
"23 October, 2017",3921
"24 October, 2017",3925
"26 October, 2017",3930
"26 October, 2017",3931
"26 October, 2017",3932
"27 October, 2017",3937
"27 October, 2017",3939
"30 October, 2017",3942
"30 October, 2017",3944
"31 October, 2017",3947
"31 October, 2017",3949
"31 October, 2017",3950
"1 November, 2017",3952
"1 November, 2017",3954
"2 November, 2017",3956
"2 November, 2017",3957
"2 November, 2017",3958
"2 November, 2017",3959
"3 November, 2017",3960
"3 November, 2017",3961
"3 November, 2017",3962
"6 November, 2017",3963
"6 November, 2017",3964
"6 November, 2017",3966
"7 November, 2017",3967
"7 November, 2017",3969
"8 November, 2017",3972
"8 November, 2017",3973
"8 November, 2017",3974
"9 November, 2017",3978
"9 November, 2017",3979
"9 November, 2017",3980
"9 November, 2017",3983
"9 November, 2017",3984
"9 November, 2017",3985
"10 November, 2017",3988
"10 November, 2017",3989
"10 November, 2017",3990
"10 November, 2017",3991
"10 November, 2017",3992
"13 November, 2017",3995
"13 November, 2017",3996
"13 November, 2017",3997
"13 November, 2017",3998
"14 November, 2017",4006
"14 November, 2017",4007
"14 November, 2017",4008
"14 November, 2017",4009
"15 November, 2017",4011
"15 November, 2017",4012
"15 November, 2017",4013
"16 November, 2017",4015
"16 November, 2017",4016
"16 November, 2017",4017
"17 November, 2017",4019
"17 November, 2017",4020
"17 November, 2017",4022
"21 November, 2017",4028
"21 November, 2017",4032
"21 November, 2017",4033
"21 November, 2017",4035
"22 November, 2017",4036
"22 November, 2017",4037
"22 November, 2017",4039
"22 November, 2017",4040
"22 November, 2017",4043
"22 November, 2017",4044
"22 November, 2017",4048
"22 November, 2017",4067
"23 November, 2017",4072
"23 November, 2017",4073
"23 November, 2017",4074
"23 November, 2017",4077
"23 November, 2017",4078
"23 November, 2017",4080
"23 November, 2017",4082
"24 November, 2017",4086
"24 November, 2017",4093
"24 November, 2017",4095
"25 November, 2017",4096
"26 November, 2017",4125
"26 November, 2017",4126
"26 November, 2017",4127
"26 November, 2017",4128
"27 November, 2017",4130
"27 November, 2017",4132
"27 November, 2017",4135
"27 November, 2017",4136
"27 November, 2017",4139
"27 November, 2017",4141
"27 November, 2017",4142
"27 November, 2017",4143
"28 November, 2017",4144
"28 November, 2017",4146
"28 November, 2017",4147
"28 November, 2017",4148
"28 November, 2017",4152
"28 November, 2017",4153
"29 November, 2017",4158
"29 November, 2017",4162
"29 November, 2017",4164
"29 November, 2017",4166
"29 November, 2017",4167
"30 November, 2017",4169
"30 November, 2017",4170
"30 November, 2017",4172
"30 November, 2017",4173
"30 November, 2017",4174
"30 November, 2017",4175
"1 December, 2017",4176
"1 December, 2017",4177
"1 December, 2017",4178
"1 December, 2017",4179
"1 December, 2017",4180
"1 December, 2017",4183
"1 December, 2017",4184
"1 December, 2017",4185
"1 December, 2017",4186
"1 December, 2017",4187
"2 December, 2017",4189
"4 December, 2017",4233
"4 December, 2017",4234
"4 December, 2017",4237
"4 December, 2017",4238
"4 December, 2017",4239
"4 December, 2017",4241
"4 December, 2017",4242
"4 December, 2017",4245
"4 December, 2017",4247
"5 December, 2017",4249
"5 December, 2017",4250
"5 December, 2017",4251
"5 December, 2017",4252
"5 December, 2017",4254
"5 December, 2017",4256
"5 December, 2017",4267
"5 December, 2017",4292
"5 December, 2017",4300
"6 December, 2017",4303
"6 December, 2017",4305
"6 December, 2017",4307
"6 December, 2017",4309
"6 December, 2017",4310
"6 December, 2017",4312
"6 December, 2017",4317
"6 December, 2017",4337
"6 December, 2017",4338
"6 December, 2017",4342
"7 December, 2017",4343
"7 December, 2017",4344
"7 December, 2017",4346
"7 December, 2017",4356
"7 December, 2017",4358
"8 December, 2017",4360
"8 December, 2017",4361
"8 December, 2017",4363
"8 December, 2017",4364
"8 December, 2017",4365
"8 December, 2017",4369
"9 December, 2017",4373
"11 December, 2017",4374
"11 December, 2017",4376
"11 December, 2017",4377
"11 December, 2017",4378
"11 December, 2017",4384
"12 December, 2017",4386
"12 December, 2017",4388
"12 December, 2017",4389
"12 December, 2017",4393
"12 December, 2017",4395
"12 December, 2017",4396
"12 December, 2017",4397
"12 December, 2017",4398
"12 December, 2017",4400
"12 December, 2017",4401
"13 December, 2017",4403
"13 December, 2017",4404
"13 December, 2017",4406
"13 December, 2017",4407
"13 December, 2017",4408
"13 December, 2017",4409
"13 December, 2017",4411
"13 December, 2017",4412
"14 December, 2017",4414
"14 December, 2017",4416
"14 December, 2017",4418
"14 December, 2017",4419
"14 December, 2017",4422
"14 December, 2017",4424
"14 December, 2017",4426
"14 December, 2017",4427
"14 December, 2017",4428
"14 December, 2017",4429
"14 December, 2017",4430
"15 December, 2017",4432
"15 December, 2017",4433
"15 December, 2017",4435
"15 December, 2017",4437
"15 December, 2017",4440
"15 December, 2017",4441
"15 December, 2017",4444
"15 December, 2017",4445
"15 December, 2017",4446
"15 December, 2017",4448
"15 December, 2017",4450
"15 December, 2017",4451
"15 December, 2017",4452
"15 December, 2017",4453
"15 December, 2017",4454
"16 December, 2017",4457
"18 December, 2017",4460
"18 December, 2017",4461
"18 December, 2017",4462
"18 December, 2017",4463
"18 December, 2017",4465
"19 December, 2017",4472
"19 December, 2017",4475
"19 December, 2017",4476
"19 December, 2017",4477
"19 December, 2017",4479
"19 December, 2017",4483
"19 December, 2017",4485
"20 December, 2017",4487
"20 December, 2017",4489
"20 December, 2017",4490
"20 December, 2017",4491
"20 December, 2017",4492
"20 December, 2017",4494
"20 December, 2017",4495
"20 December, 2017",4496
"20 December, 2017",4497
"21 December, 2017",4499
"21 December, 2017",4500
"21 December, 2017",4501
"21 December, 2017",4503
"21 December, 2017",4504
"21 December, 2017",4505
"21 December, 2017",4507
"21 December, 2017",4508
"21 December, 2017",4509
"21 December, 2017",4510
"21 December, 2017",4512
"21 December, 2017",4513
"21 December, 2017",4514
"22 December, 2017",4517
"22 December, 2017",4519
"22 December, 2017",4520
"22 December, 2017",4521
"26 December, 2017",4527
"29 December, 2017",4530
"30 December, 2017",4531
"2 January, 2018",4533
"2 January, 2018",4534
"3 January, 2018",4536
"3 January, 2018",4538
"3 January, 2018",4539
"3 January, 2018",4540
"3 January, 2018",4541
"3 January, 2018",4544
"4 January, 2018",4545
"4 January, 2018",4546
"4 January, 2018",4547
"4 January, 2018",4548
"4 January, 2018",4549
"4 January, 2018",4550
"4 January, 2018",4551
"4 January, 2018",4552
"5 January, 2018",4553
"5 January, 2018",4554
"5 January, 2018",4555
"5 January, 2018",4556
"5 January, 2018",4557
"5 January, 2018",4560
"5 January, 2018",4561
"6 January, 2018",4563
"6 January, 2018",4564
"6 January, 2018",4565
"8 January, 2018",4567
"8 January, 2018",4568
"8 January, 2018",4569
"8 January, 2018",4570
"8 January, 2018",4571
"8 January, 2018",4572
"9 January, 2018",4575
"9 January, 2018",4576
"9 January, 2018",4577
"9 January, 2018",4583
"10 January, 2018",4588
"10 January, 2018",4589
"10 January, 2018",4594
"10 January, 2018",4596
"11 January, 2018",4597
"11 January, 2018",4598
"11 January, 2018",4600
"11 January, 2018",4601
"11 January, 2018",4602
"11 January, 2018",4603
"11 January, 2018",4604
"11 January, 2018",4606
"11 January, 2018",4610
"12 January, 2018",4616
"12 January, 2018",4618
"12 January, 2018",4619
"12 January, 2018",4620
"12 January, 2018",4621
"12 January, 2018",4624
"13 January, 2018",4628
"13 January, 2018",4629
"15 January, 2018",4630
"15 January, 2018",4631
"15 January, 2018",4632
"15 January, 2018",4633
"15 January, 2018",4635
"15 January, 2018",4636
"15 January, 2018",4639
"15 January, 2018",4641
"15 January, 2018",4642
"15 January, 2018",4643
"15 January, 2018",4644
"15 January, 2018",4645
"16 January, 2018",4652
"16 January, 2018",4656
"16 January, 2018",4658
"17 January, 2018",4659
"17 January, 2018",4661
"17 January, 2018",4663
"17 January, 2018",4666
"17 January, 2018",4667
"17 January, 2018",4668
"17 January, 2018",4669
"17 January, 2018",4670
"17 January, 2018",4671
"18 January, 2018",4672
"18 January, 2018",4673
"18 January, 2018",4674
"19 January, 2018",4676
"19 January, 2018",4678
"19 January, 2018",4680
"19 January, 2018",4681
"19 January, 2018",4682
"19 January, 2018",4683
"19 January, 2018",4684
"19 January, 2018",4686
"20 January, 2018",4688
"21 January, 2018",4689
"21 January, 2018",4690
"22 January, 2018",4692
"22 January, 2018",4694
"22 January, 2018",4695
"22 January, 2018",4698
"23 January, 2018",4708
"23 January, 2018",4709
"24 January, 2018",4710
"24 January, 2018",4711
"24 January, 2018",4712
"24 January, 2018",4714
"25 January, 2018",4715
"25 January, 2018",4716
"25 January, 2018",4717
"25 January, 2018",4719
"25 January, 2018",4720
"25 January, 2018",4721
"25 January, 2018",4722
"25 January, 2018",4723
"26 January, 2018",4724
"26 January, 2018",4725
"26 January, 2018",4726
"26 January, 2018",4728
"26 January, 2018",4729
"26 January, 2018",4730
"26 January, 2018",4732
"26 January, 2018",4733
"29 January, 2018",4737
"29 January, 2018",4739
"30 January, 2018",4742
"31 January, 2018",4744
"31 January, 2018",4745
"31 January, 2018",4748
"1 February, 2018",4749
"1 February, 2018",4752
"1 February, 2018",4756
"2 February, 2018",4757
"2 February, 2018",4758
"2 February, 2018",4759
"2 February, 2018",4760
"2 February, 2018",4761
"2 February, 2018",4762
"4 February, 2018",4763
"5 February, 2018",4764
"6 February, 2018",4767
"6 February, 2018",4768
"6 February, 2018",4770
"7 February, 2018",4772
"8 February, 2018",4774
"8 February, 2018",4775
"9 February, 2018",4776
"9 February, 2018",4778
"13 February, 2018",4779
"13 February, 2018",4780
"13 February, 2018",4782
"13 February, 2018",4783
"13 February, 2018",4784
"13 February, 2018",4785
"13 February, 2018",4786
"13 February, 2018",4788
"14 February, 2018",4790
"14 February, 2018",4792
"14 February, 2018",4794
"14 February, 2018",4795
"14 February, 2018",4797
"14 February, 2018",4798
"14 February, 2018",4799
"14 February, 2018",4800
"14 February, 2018",4801
"14 February, 2018",4802
"14 February, 2018",4803
"14 February, 2018",4804
"15 February, 2018",4805
"15 February, 2018",4806
"15 February, 2018",4807
"15 February, 2018",4808
"15 February, 2018",4810
"15 February, 2018",4812
"16 February, 2018",4813
"16 February, 2018",4814
"16 February, 2018",4817
"16 February, 2018",4818
"19 February, 2018",4820
"19 February, 2018",4821
"19 February, 2018",4822
"21 February, 2018",4828
"21 February, 2018",4830
"22 February, 2018",4832
"22 February, 2018",4833
"22 February, 2018",4835
"22 February, 2018",4836
"23 February, 2018",4838
"23 February, 2018",4840
"23 February, 2018",4841
"23 February, 2018",4845
"23 February, 2018",4846
"23 February, 2018",4847
"23 February, 2018",4848
"23 February, 2018",4849
"23 February, 2018",4850
"26 February, 2018",4851
"26 February, 2018",4852
"26 February, 2018",4854
"26 February, 2018",4855
"27 February, 2018",4857
"27 February, 2018",4858
"28 February, 2018",4860
"28 February, 2018",4861
"28 February, 2018",4862
"28 February, 2018",4863
"1 March, 2018",4865
"1 March, 2018",4866
"1 March, 2018",4867
"2 March, 2018",4869
"2 March, 2018",4870
"2 March, 2018",4871
"2 March, 2018",4875
"2 March, 2018",4876
"2 March, 2018",4877
"2 March, 2018",4878
"2 March, 2018",4880
"3 March, 2018",4882
"3 March, 2018",4883
"3 March, 2018",4884
"4 March, 2018",4886
"4 March, 2018",4887
"6 March, 2018",4890
"6 March, 2018",4893
"6 March, 2018",4896
"6 March, 2018",4898
"6 March, 2018",4900
"7 March, 2018",4902
"7 March, 2018",4903
"7 March, 2018",4904
"7 March, 2018",4905
"7 March, 2018",4909
"8 March, 2018",4910
"8 March, 2018",4912
"8 March, 2018",4913
"8 March, 2018",4914
"8 March, 2018",4915
"9 March, 2018",4918
"9 March, 2018",4919
"9 March, 2018",4921
"9 March, 2018",4925
"12 March, 2018",4926
"12 March, 2018",4927
"12 March, 2018",4928
"12 March, 2018",4930
"12 March, 2018",4932
"12 March, 2018",4933
"12 March, 2018",4934
"13 March, 2018",4935
"13 March, 2018",4937
"13 March, 2018",4938
"13 March, 2018",4941
"14 March, 2018",4943
"14 March, 2018",4945
"14 March, 2018",4947
"14 March, 2018",4948
"15 March, 2018",4949
"15 March, 2018",4951
"15 March, 2018",4952
"15 March, 2018",4954
"15 March, 2018",4955
"15 March, 2018",4956
"16 March, 2018",4957
"16 March, 2018",4958
"16 March, 2018",4959
"17 March, 2018",4962
"18 March, 2018",4963
"18 March, 2018",4964
"18 March, 2018",4965
"19 March, 2018",4966
"19 March, 2018",4968
"19 March, 2018",4969
"19 March, 2018",4970
"19 March, 2018",4971
"20 March, 2018",4973
"20 March, 2018",4974
"20 March, 2018",4975
"20 March, 2018",4977
"21 March, 2018",4978
"21 March, 2018",4981
"21 March, 2018",4983
"22 March, 2018",4984
"22 March, 2018",4989
"22 March, 2018",4992
"22 March, 2018",4993
"23 March, 2018",4995
"23 March, 2018",4996
"23 March, 2018",4997
"23 March, 2018",4998
"23 March, 2018",4999
"24 March, 2018",5000
"26 March, 2018",5002
"26 March, 2018",5007
"27 March, 2018",5008
"27 March, 2018",5009
"27 March, 2018",5010
"27 March, 2018",5011
"27 March, 2018",5014
"27 March, 2018",5015
"28 March, 2018",5016
"28 March, 2018",5017
"28 March, 2018",5018
"28 March, 2018",5019
"28 March, 2018",5021
"28 March, 2018",5024
"28 March, 2018",5025
"28 March, 2018",5026
"29 March, 2018",5027
"29 March, 2018",5028
"29 March, 2018",5033
"30 March, 2018",5037
"31 March, 2018",5038
"2 April, 2018",5039
"2 April, 2018",5040
"2 April, 2018",5042
"3 April, 2018",5043
"3 April, 2018",5045
"3 April, 2018",5048
"3 April, 2018",5049
"3 April, 2018",5050
"3 April, 2018",5053
"3 April, 2018",5054
"4 April, 2018",5055
"5 April, 2018",5057
"5 April, 2018",5058
"5 April, 2018",5059
"5 April, 2018",5063
"5 April, 2018",5064
"5 April, 2018",5065
"5 April, 2018",5067
"5 April, 2018",5068
"5 April, 2018",5069
"6 April, 2018",5071
"6 April, 2018",5072
"6 April, 2018",5073
"6 April, 2018",5074
"9 April, 2018",5077
"9 April, 2018",5078
"9 April, 2018",5079
"9 April, 2018",5080
"9 April, 2018",5081
"9 April, 2018",5082
"9 April, 2018",5083
"9 April, 2018",5085
"10 April, 2018",5086
"10 April, 2018",5087
"10 April, 2018",5091
"10 April, 2018",5092
"11 April, 2018",5093
"11 April, 2018",5095
"12 April, 2018",5096
"12 April, 2018",5099
"13 April, 2018",5101
"13 April, 2018",5102
"13 April, 2018",5105
"13 April, 2018",5108
"13 April, 2018",5109
"16 April, 2018",5111
"16 April, 2018",5112
"16 April, 2018",5115
"16 April, 2018",5116
"16 April, 2018",5117
"16 April, 2018",5118
"17 April, 2018",5121
"17 April, 2018",5122
"17 April, 2018",5124
"18 April, 2018",5126
"18 April, 2018",5127
"18 April, 2018",5128
"18 April, 2018",5130
"18 April, 2018",5131
"18 April, 2018",5133
"18 April, 2018",5134
"18 April, 2018",5135
"19 April, 2018",5136
"19 April, 2018",5137
"19 April, 2018",5138
"19 April, 2018",5139
"19 April, 2018",5140
"19 April, 2018",5141
"19 April, 2018",5142
"19 April, 2018",5143
"19 April, 2018",5144
"19 April, 2018",5145
"20 April, 2018",5147
"20 April, 2018",5149
"21 April, 2018",5150
"21 April, 2018",5151
"23 April, 2018",5153
"23 April, 2018",5154
"23 April, 2018",5155
"23 April, 2018",5158
"23 April, 2018",5159
"23 April, 2018",5160
"23 April, 2018",5161
"24 April, 2018",5162
"25 April, 2018",5165
"25 April, 2018",5166
"25 April, 2018",5167
"25 April, 2018",5168
"25 April, 2018",5169
"27 April, 2018",5173
"27 April, 2018",5174
"27 April, 2018",5178
"27 April, 2018",5179
"30 April, 2018",5182
"30 April, 2018",5183
"30 April, 2018",5184
"1 May, 2018",5185
"1 May, 2018",5187
"1 May, 2018",5188
"1 May, 2018",5189
"1 May, 2018",5191
"1 May, 2018",5192
"1 May, 2018",5195
"2 May, 2018",5198
"2 May, 2018",5199
"3 May, 2018",5201
"3 May, 2018",5202
"3 May, 2018",5203
"3 May, 2018",5204
"3 May, 2018",5205
"4 May, 2018",5206
"4 May, 2018",5209
"4 May, 2018",5210
"4 May, 2018",5211
"6 May, 2018",5212
"7 May, 2018",5213
"7 May, 2018",5214
"7 May, 2018",5215
"7 May, 2018",5217
"7 May, 2018",5218
"7 May, 2018",5220
"7 May, 2018",5221
"9 May, 2018",5226
"10 May, 2018",5227
"10 May, 2018",5228
"11 May, 2018",5230
"11 May, 2018",5231
"14 May, 2018",5232
"15 May, 2018",5233
"16 May, 2018",5235
"17 May, 2018",5237
"17 May, 2018",5238
"17 May, 2018",5239
"22 May, 2018",5243
"22 May, 2018",5245
"23 May, 2018",5248
"23 May, 2018",5251
"23 May, 2018",5252
"24 May, 2018",5253
"24 May, 2018",5255
"24 May, 2018",5258
"24 May, 2018",5259
"24 May, 2018",5260
"25 May, 2018",5261
"25 May, 2018",5262
"25 May, 2018",5263
"25 May, 2018",5264
"25 May, 2018",5265
"28 May, 2018",5271
"29 May, 2018",5273
"30 May, 2018",5274
"30 May, 2018",5275
"31 May, 2018",5276
"31 May, 2018",5277
"6 June, 2018",5279
"6 June, 2018",5280
"6 June, 2018",5282
"6 June, 2018",5283
"7 June, 2018",5284
"7 June, 2018",5285
"7 June, 2018",5286
"8 June, 2018",5288
"8 June, 2018",5289
"8 June, 2018",5290
"8 June, 2018",5291
"8 June, 2018",5292
"11 June, 2018",5293
"11 June, 2018",5294
"11 June, 2018",5295
"11 June, 2018",5296
"12 June, 2018",5297
"12 June, 2018",5298
"12 June, 2018",5299
"12 June, 2018",5300
"13 June, 2018",5301
"13 June, 2018",5302
"14 June, 2018",5305
"14 June, 2018",5306
"18 June, 2018",5307
"18 June, 2018",5308
"19 June, 2018",5309
"19 June, 2018",5312
"19 June, 2018",5313
"20 June, 2018",5315
"20 June, 2018",5316
"20 June, 2018",5317
"20 June, 2018",5318
"20 June, 2018",5319
"20 June, 2018",5320
"20 June, 2018",5321
"21 June, 2018",5322
"21 June, 2018",5323
"21 June, 2018",5324
"21 June, 2018",5325
"22 June, 2018",5327
"25 June, 2018",5328
"25 June, 2018",5329
"25 June, 2018",5330
"25 June, 2018",5331
"25 June, 2018",5332
"26 June, 2018",5333
"26 June, 2018",5334
"26 June, 2018",5336
"28 June, 2018",5339
"28 June, 2018",5340
"28 June, 2018",5341
"28 June, 2018",5342
"29 June, 2018",5344
"29 June, 2018",5346
"3 July, 2018",5347
"4 July, 2018",5348
"4 July, 2018",5349
"4 July, 2018",5350
"5 July, 2018",5352
"5 July, 2018",5353
"5 July, 2018",5355
"6 July, 2018",5359
"9 July, 2018",5361
"9 July, 2018",5362
"10 July, 2018",5364
"11 July, 2018",5365
"13 July, 2018",5370
"13 July, 2018",5372
"13 July, 2018",5373
"14 July, 2018",5375
"16 July, 2018",5378
"16 July, 2018",5379
"16 July, 2018",5381
"17 July, 2018",5382
"17 July, 2018",5387
"17 July, 2018",5388
"17 July, 2018",5389
"18 July, 2018",5391
"18 July, 2018",5392
"18 July, 2018",5393
"19 July, 2018",5394
"19 July, 2018",5395
"19 July, 2018",5396
"20 July, 2018",5397
"20 July, 2018",5400
"20 July, 2018",5401
"20 July, 2018",5402
"20 July, 2018",5403
"20 July, 2018",5405
"22 July, 2018",5409
"22 July, 2018",5410
"23 July, 2018",5414
"23 July, 2018",5415
"23 July, 2018",5416
"23 July, 2018",5417
"24 July, 2018",5418
"24 July, 2018",5419
"24 July, 2018",5420
"24 July, 2018",5424
"24 July, 2018",5425
"25 July, 2018",5428
"25 July, 2018",5429
"25 July, 2018",5430
"26 July, 2018",5432
"26 July, 2018",5434
"26 July, 2018",5435
"27 July, 2018",5436
"27 July, 2018",5437
"27 July, 2018",5438
"27 July, 2018",5439
"27 July, 2018",5440
"27 July, 2018",5443
"27 July, 2018",5445
"27 July, 2018",5446
"27 July, 2018",5447
"27 July, 2018",5448
"28 July, 2018",5449
"28 July, 2018",5450
"29 July, 2018",5451
"31 July, 2018",5455
"31 July, 2018",5457
"31 July, 2018",5459
"31 July, 2018",5461
"1 August, 2018",5462
"1 August, 2018",5463
"2 August, 2018",5464
"3 August, 2018",5466
"3 August, 2018",5467
"3 August, 2018",5468
"3 August, 2018",5469
"3 August, 2018",5470
"3 August, 2018",5471
"3 August, 2018",5472
"6 August, 2018",5473
"7 August, 2018",5475
"7 August, 2018",5476
"7 August, 2018",5477
"7 August, 2018",5479
"7 August, 2018",5480
"7 August, 2018",5482
"7 August, 2018",5483
"8 August, 2018",5484
"8 August, 2018",5485
"8 August, 2018",5486
"8 August, 2018",5487
"8 August, 2018",5488
"8 August, 2018",5489
"8 August, 2018",5490
"8 August, 2018",5491
"8 August, 2018",5492
"9 August, 2018",5493
"9 August, 2018",5495
"9 August, 2018",5496
"9 August, 2018",5497
"9 August, 2018",5498
"9 August, 2018",5501
"10 August, 2018",5503
"10 August, 2018",5504
"10 August, 2018",5505
"10 August, 2018",5506
"10 August, 2018",5507
"10 August, 2018",5509
"13 August, 2018",5512
"13 August, 2018",5513
"13 August, 2018",5515
"13 August, 2018",5517
"13 August, 2018",5519
"13 August, 2018",5520
"13 August, 2018",5521
"14 August, 2018",5524
"14 August, 2018",5525
"14 August, 2018",5526
"15 August, 2018",5528
"15 August, 2018",5529
"15 August, 2018",5530
"15 August, 2018",5531
"15 August, 2018",5532
"16 August, 2018",5534
"16 August, 2018",5535
"16 August, 2018",5536
"16 August, 2018",5537
"16 August, 2018",5539
"16 August, 2018",5540
"16 August, 2018",5541
"16 August, 2018",5542
"17 August, 2018",5543
"17 August, 2018",5544
"17 August, 2018",5546
"17 August, 2018",5547
"19 August, 2018",5548
"19 August, 2018",5550
"20 August, 2018",5551
"20 August, 2018",5552
"21 August, 2018",5553
"21 August, 2018",5555
"21 August, 2018",5556
"22 August, 2018",5557
"22 August, 2018",5558
"22 August, 2018",5559
"22 August, 2018",5560
"22 August, 2018",5561
"22 August, 2018",5562
"22 August, 2018",5563
"22 August, 2018",5564
"22 August, 2018",5565
"22 August, 2018",5566
"22 August, 2018",5568
"23 August, 2018",5570
"23 August, 2018",5571
"23 August, 2018",5572
"23 August, 2018",5573
"23 August, 2018",5574
"23 August, 2018",5575
"23 August, 2018",5576
"23 August, 2018",5577
"23 August, 2018",5578
"23 August, 2018",5579
"23 August, 2018",5580
"23 August, 2018",5581
"23 August, 2018",5582
"23 August, 2018",5583
"23 August, 2018",5584
"24 August, 2018",5586
"24 August, 2018",5587
"24 August, 2018",5588
"24 August, 2018",5589
"24 August, 2018",5590
"27 August, 2018",5591
"27 August, 2018",5592
"27 August, 2018",5594
"27 August, 2018",5595
"28 August, 2018",5596
"28 August, 2018",5597
"28 August, 2018",5598
"28 August, 2018",5599
"29 August, 2018",5601
"29 August, 2018",5602
"29 August, 2018",5604
"30 August, 2018",5606
"30 August, 2018",5607
"30 August, 2018",5608
"30 August, 2018",5609
"30 August, 2018",5611
"31 August, 2018",5613
"31 August, 2018",5614
"31 August, 2018",5616
"31 August, 2018",5617
"31 August, 2018",5618
"31 August, 2018",5619
"31 August, 2018",5620
"31 August, 2018",5621
"31 August, 2018",5622
"31 August, 2018",5623
"31 August, 2018",5624
"31 August, 2018",5625
"31 August, 2018",5626
"31 August, 2018",5627
"31 August, 2018",5628
"31 August, 2018",5630
"1 September, 2018",5631
"1 September, 2018",5633
"1 September, 2018",5634
"1 September, 2018",5635
"1 September, 2018",5636
"2 September, 2018",5637
"3 September, 2018",5643
"3 September, 2018",5644
"4 September, 2018",5645
"4 September, 2018",5647
"4 September, 2018",5648
"4 September, 2018",5649
"4 September, 2018",5650
"5 September, 2018",5651
"5 September, 2018",5652
"5 September, 2018",5653
"5 September, 2018",5654
"5 September, 2018",5655
"5 September, 2018",5656
"5 September, 2018",5657
"5 September, 2018",5658
"6 September, 2018",5659
"6 September, 2018",5660
"6 September, 2018",5661
"6 September, 2018",5662
"6 September, 2018",5663
"6 September, 2018",5664
"6 September, 2018",5665
"6 September, 2018",5667
"6 September, 2018",5668
"6 September, 2018",5669
"6 September, 2018",5670
"6 September, 2018",5672
"6 September, 2018",5673
"6 September, 2018",5674
"7 September, 2018",5675
"7 September, 2018",5676
"7 September, 2018",5678
"8 September, 2018",5679
"9 September, 2018",5680
"10 September, 2018",5681
"10 September, 2018",5682
"10 September, 2018",5683
"10 September, 2018",5684
"10 September, 2018",5685
"11 September, 2018",5688
"11 September, 2018",5689
"12 September, 2018",5691
"12 September, 2018",5692
"12 September, 2018",5694
"12 September, 2018",5695
"12 September, 2018",5696
"13 September, 2018",5697
"14 September, 2018",5698
"14 September, 2018",5699
"14 September, 2018",5700
"17 September, 2018",5701
"17 September, 2018",5702
"17 September, 2018",5703
"18 September, 2018",5706
"18 September, 2018",5707
"19 September, 2018",5708
"19 September, 2018",5709
"19 September, 2018",5710
"19 September, 2018",5711
"19 September, 2018",5712
"19 September, 2018",5713
"20 September, 2018",5714
"20 September, 2018",5715
"20 September, 2018",5716
"20 September, 2018",5717
"20 September, 2018",5718
"20 September, 2018",5719
"22 September, 2018",5721
"24 September, 2018",5723
"25 September, 2018",5726
"26 September, 2018",5728
"26 September, 2018",5729
"26 September, 2018",5730
"26 September, 2018",5731
"27 September, 2018",5733
"27 September, 2018",5734
"27 September, 2018",5735
"28 September, 2018",5737
"28 September, 2018",5738
"28 September, 2018",5739
"28 September, 2018",5740
"28 September, 2018",5741
"28 September, 2018",5742
"1 October, 2018",5743
"1 October, 2018",5744
"2 October, 2018",5745
"2 October, 2018",5746
"3 October, 2018",5747
"4 October, 2018",5748
"5 October, 2018",5749
"9 October, 2018",5750
"10 October, 2018",5751
"10 October, 2018",5752
"11 October, 2018",5753
"11 October, 2018",5754
"11 October, 2018",5756
"12 October, 2018",5757
"12 October, 2018",5758
"12 October, 2018",5759
"16 October, 2018",5761
"17 October, 2018",5762
"17 October, 2018",5763
"17 October, 2018",5764
"18 October, 2018",5765
"18 October, 2018",5766
"18 October, 2018",5768
"18 October, 2018",5769
"18 October, 2018",5770
"18 October, 2018",5773
"19 October, 2018",5774
"19 October, 2018",5775
"19 October, 2018",5776
"19 October, 2018",5777
"22 October, 2018",5778
"23 October, 2018",5779
"23 October, 2018",5780
"23 October, 2018",5781
"23 October, 2018",5782
"23 October, 2018",5783
"23 October, 2018",5784
"23 October, 2018",5785
"23 October, 2018",5786
"24 October, 2018",5787
"24 October, 2018",5797
"25 October, 2018",5798
"25 October, 2018",5799
"26 October, 2018",5800
"28 October, 2018",5801
"29 October, 2018",5803
"29 October, 2018",5804
"30 October, 2018",5805
"30 October, 2018",5806
"30 October, 2018",5807
"31 October, 2018",5808
"31 October, 2018",5809
"1 November, 2018",5810
"1 November, 2018",5811
"1 November, 2018",5812
"2 November, 2018",5814
"2 November, 2018",5815
"6 November, 2018",5816
"6 November, 2018",5817
"6 November, 2018",5818
"6 November, 2018",5819
"6 November, 2018",5820
"6 November, 2018",5821
"7 November, 2018",5822
"8 November, 2018",5823
"8 November, 2018",5824
"8 November, 2018",5825
"8 November, 2018",5826
"8 November, 2018",5827
"8 November, 2018",5828
"8 November, 2018",5830
"9 November, 2018",5831
"9 November, 2018",5833
"9 November, 2018",5834
"9 November, 2018",5835
"9 November, 2018",5836
"9 November, 2018",5837
"9 November, 2018",5838
"9 November, 2018",5839
"9 November, 2018",5840
"9 November, 2018",5841
"10 November, 2018",5842
"10 November, 2018",5844
"10 November, 2018",5845
"10 November, 2018",5846
"12 November, 2018",5847
"12 November, 2018",5848
"12 November, 2018",5849
"12 November, 2018",5850
"13 November, 2018",5852
"13 November, 2018",5853
"14 November, 2018",5854
"14 November, 2018",5856
"14 November, 2018",5857
"14 November, 2018",5860
"14 November, 2018",5861
"14 November, 2018",5862
"15 November, 2018",5863
"16 November, 2018",5864
"16 November, 2018",5866
"16 November, 2018",5867
"16 November, 2018",5870
"16 November, 2018",5871
"17 November, 2018",5872
"17 November, 2018",5873
"17 November, 2018",5874
"19 November, 2018",5875
"19 November, 2018",5876
"19 November, 2018",5877
"19 November, 2018",5878
"19 November, 2018",5879
"19 November, 2018",5880
"19 November, 2018",5881
"19 November, 2018",5882
"19 November, 2018",5883
"19 November, 2018",5884
"19 November, 2018",5885
"19 November, 2018",5887
"19 November, 2018",5889
"19 November, 2018",5890
"19 November, 2018",5891
"19 November, 2018",5893
"19 November, 2018",5894
"19 November, 2018",5895
"19 November, 2018",5896
"19 November, 2018",5898
"19 November, 2018",5899
"19 November, 2018",5900
"20 November, 2018",5901
"20 November, 2018",5902
"20 November, 2018",5903
"20 November, 2018",5904
"20 November, 2018",5907
"20 November, 2018",5908
"20 November, 2018",5909
"20 November, 2018",5910
"20 November, 2018",5911
"20 November, 2018",5912
"20 November, 2018",5913
"20 November, 2018",5914
"21 November, 2018",5915
"21 November, 2018",5916
"21 November, 2018",5917
"21 November, 2018",5918
"21 November, 2018",5919
"21 November, 2018",5920
"21 November, 2018",5921
"22 November, 2018",5923
"22 November, 2018",5924
"22 November, 2018",5925
"22 November, 2018",5926
"22 November, 2018",5927
"22 November, 2018",5928
"22 November, 2018",5929
"22 November, 2018",5931
"22 November, 2018",5932
"23 November, 2018",5934
"23 November, 2018",5935
"23 November, 2018",5936
"23 November, 2018",5937
"26 November, 2018",5938
"26 November, 2018",5939
"26 November, 2018",5940
"26 November, 2018",5941
"27 November, 2018",5942
"27 November, 2018",5943
"27 November, 2018",5944
"27 November, 2018",5945
"27 November, 2018",5946
"27 November, 2018",5947
"27 November, 2018",5948
"27 November, 2018",5949
"27 November, 2018",5950
"28 November, 2018",5951
"30 November, 2018",5953
"30 November, 2018",5955
"30 November, 2018",5956
"1 December, 2018",5957
"2 December, 2018",5960
"2 December, 2018",5961
"2 December, 2018",5962
"2 December, 2018",5963
"2 December, 2018",5964
"3 December, 2018",5965
"3 December, 2018",5966
"3 December, 2018",5967
"3 December, 2018",5968
"3 December, 2018",5969
"3 December, 2018",5970
"3 December, 2018",5971
"4 December, 2018",5972
"4 December, 2018",5974
"5 December, 2018",5975
"5 December, 2018",5976
"5 December, 2018",5977
"6 December, 2018",5978
"6 December, 2018",5979
"6 December, 2018",5980
"6 December, 2018",5982
"7 December, 2018",5983
"7 December, 2018",5984
"7 December, 2018",5985
"7 December, 2018",5986
"7 December, 2018",5987
"7 December, 2018",5988
"7 December, 2018",5989
"7 December, 2018",5990
"7 December, 2018",5991
"7 December, 2018",5992
"7 December, 2018",5994
"7 December, 2018",5995
"7 December, 2018",5996
"7 December, 2018",5997
"7 December, 2018",5998
"7 December, 2018",5999
"7 December, 2018",6000
"7 December, 2018",6001
"7 December, 2018",6002
"7 December, 2018",6003
"9 December, 2018",6004
"9 December, 2018",6005
"9 December, 2018",6006
"10 December, 2018",6007
"10 December, 2018",6008
"10 December, 2018",6009
"10 December, 2018",6010
"11 December, 2018",6011
"11 December, 2018",6012
"11 December, 2018",6013
"11 December, 2018",6014
"11 December, 2018",6015
"11 December, 2018",6016
"12 December, 2018",6017
"12 December, 2018",6018
"12 December, 2018",6019
"12 December, 2018",6020
"12 December, 2018",6021
"12 December, 2018",6022
"12 December, 2018",6023
"13 December, 2018",6024
"13 December, 2018",6025
"13 December, 2018",6026
"13 December, 2018",6027
"13 December, 2018",6028
"14 December, 2018",6029
"14 December, 2018",6030
"14 December, 2018",6031
"15 December, 2018",6032
"15 December, 2018",6033
"15 December, 2018",6034
"17 December, 2018",6035
"17 December, 2018",6036
"17 December, 2018",6037
"17 December, 2018",6038
"17 December, 2018",6040
"17 December, 2018",6041
"18 December, 2018",6042
"18 December, 2018",6043
"18 December, 2018",6044
"18 December, 2018",6045
"18 December, 2018",6046
"18 December, 2018",6047
"18 December, 2018",6049
"18 December, 2018",6050
"18 December, 2018",6051
"18 December, 2018",6052
"18 December, 2018",6054
"18 December, 2018",6055
"18 December, 2018",6056
"18 December, 2018",6057
"19 December, 2018",6058
"19 December, 2018",6059
"19 December, 2018",6060
"19 December, 2018",6061
"19 December, 2018",6073
"19 December, 2018",6075
"19 December, 2018",6076
"19 December, 2018",6077
"19 December, 2018",6078
"19 December, 2018",6080
"19 December, 2018",6081
"19 December, 2018",6082
"19 December, 2018",6083
"19 December, 2018",6084
"20 December, 2018",6085
"20 December, 2018",6086
"20 December, 2018",6087
"20 December, 2018",6088
"20 December, 2018",6089
"20 December, 2018",6090
"20 December, 2018",6091
"21 December, 2018",6092
"21 December, 2018",6093
"21 December, 2018",6094
"21 December, 2018",6095
"21 December, 2018",6097
"21 December, 2018",6098
"23 December, 2018",6099
"23 December, 2018",6100
"24 December, 2018",6101
"27 December, 2018",6104
"28 December, 2018",6105
"29 December, 2018",6107
"30 December, 2018",6109
"2 January, 2019",6110
"2 January, 2019",6111
"2 January, 2019",6113
"2 January, 2019",6114
"2 January, 2019",6115
"2 January, 2019",6116
"2 January, 2019",6117
"2 January, 2019",6118
"2 January, 2019",6119
"3 January, 2019",6120
"3 January, 2019",6121
"3 January, 2019",6122
"4 January, 2019",6123
"4 January, 2019",6124
"5 January, 2019",6125
"6 January, 2019",6126
"7 January, 2019",6127
"7 January, 2019",6128
"7 January, 2019",6129
"7 January, 2019",6130
"8 January, 2019",6131
"8 January, 2019",6132
"8 January, 2019",6133
"9 January, 2019",6137
"9 January, 2019",6138
"9 January, 2019",6139
"9 January, 2019",6140
"10 January, 2019",6141
"10 January, 2019",6143
"11 January, 2019",6144
"11 January, 2019",6145
"11 January, 2019",6146
"15 January, 2019",6147
"15 January, 2019",6148
"15 January, 2019",6149
"15 January, 2019",6150
"16 January, 2019",6151
"16 January, 2019",6152
"16 January, 2019",6153
"16 January, 2019",6154
"16 January, 2019",6155
"16 January, 2019",6156
"16 January, 2019",6157
"17 January, 2019",6158
"17 January, 2019",6159
"17 January, 2019",6160
"17 January, 2019",6161
"17 January, 2019",6162
"17 January, 2019",6163
"17 January, 2019",6164
"18 January, 2019",6167
"18 January, 2019",6168
"18 January, 2019",6169
"18 January, 2019",6170
"21 January, 2019",6171
"21 January, 2019",6173
"21 January, 2019",6174
"22 January, 2019",6175
"23 January, 2019",6176
"23 January, 2019",6179
"23 January, 2019",6180
"23 January, 2019",6181
"23 January, 2019",6182
"24 January, 2019",6185
"24 January, 2019",6186
"24 January, 2019",6187
"24 January, 2019",6188
"24 January, 2019",6189
"25 January, 2019",6191
"25 January, 2019",6192
"25 January, 2019",6195
"25 January, 2019",6196
"28 January, 2019",6197
"28 January, 2019",6199
"28 January, 2019",6200
"28 January, 2019",6201
"28 January, 2019",6202
"28 January, 2019",6203
"29 January, 2019",6204
"29 January, 2019",6205
"29 January, 2019",6206
"29 January, 2019",6207
"30 January, 2019",6208
"30 January, 2019",6209
"30 January, 2019",6210
"30 January, 2019",6211
"30 January, 2019",6213
"30 January, 2019",6214
"30 January, 2019",6215
"30 January, 2019",6216
"30 January, 2019",6217
"30 January, 2019",6218
"30 January, 2019",6219
"30 January, 2019",6220
"31 January, 2019",6221
"31 January, 2019",6222
"31 January, 2019",6223
"31 January, 2019",6224
"31 January, 2019",6225
"1 February, 2019",6226
"1 February, 2019",6227
"1 February, 2019",6228
"4 February, 2019",6230
"4 February, 2019",6231
"4 February, 2019",6232
"4 February, 2019",6233
"4 February, 2019",6234
"4 February, 2019",6235
"4 February, 2019",6236
"4 February, 2019",6237
"4 February, 2019",6238
"4 February, 2019",6239
"4 February, 2019",6242
"4 February, 2019",6243
"4 February, 2019",6244
"5 February, 2019",6246
"5 February, 2019",6247
"5 February, 2019",6248
"5 February, 2019",6249
"5 February, 2019",6250
"5 February, 2019",6251
"5 February, 2019",6252
"6 February, 2019",6253
"6 February, 2019",6254
"6 February, 2019",6255
"6 February, 2019",6256
"6 February, 2019",6257
"6 February, 2019",6258
"6 February, 2019",6259
"7 February, 2019",6263
"7 February, 2019",6266
"7 February, 2019",6267
"7 February, 2019",6268
"7 February, 2019",6269
"7 February, 2019",6270
"8 February, 2019",6271
"8 February, 2019",6272
"8 February, 2019",6273
"9 February, 2019",6274
"11 February, 2019",6275
"11 February, 2019",6276
"11 February, 2019",6277
"11 February, 2019",6278
"12 February, 2019",6279
"12 February, 2019",6280
"13 February, 2019",6281
"13 February, 2019",6282
"15 February, 2019",6284
"15 February, 2019",6285
"15 February, 2019",6286
"15 February, 2019",6287
"16 February, 2019",6288
"16 February, 2019",6289
"17 February, 2019",6290
"19 February, 2019",6292
"19 February, 2019",6293
"20 February, 2019",6294
"20 February, 2019",6295
"20 February, 2019",6296
"20 February, 2019",6297
"20 February, 2019",6298
"21 February, 2019",6299
"22 February, 2019",6302
"22 February, 2019",6303
"22 February, 2019",6304
"22 February, 2019",6305
"22 February, 2019",6306
"22 February, 2019",6309
"22 February, 2019",6310
"23 February, 2019",6311
"25 February, 2019",6313
"25 February, 2019",6314
"25 February, 2019",6315
"25 February, 2019",6316
"25 February, 2019",6318
"25 February, 2019",6319
"26 February, 2019",6320
"26 February, 2019",6321
"26 February, 2019",6322
"28 February, 2019",6326
"28 February, 2019",6327
"28 February, 2019",6328
"28 February, 2019",6330
"28 February, 2019",6331
"28 February, 2019",6332
"28 February, 2019",6333
"28 February, 2019",6334
"28 February, 2019",6335
"28 February, 2019",6336
"28 February, 2019",6337
"28 February, 2019",6338
"28 February, 2019",6339
"28 February, 2019",6340
"28 February, 2019",6341
"28 February, 2019",6342
"28 February, 2019",6343
"28 February, 2019",6344
"28 February, 2019",6345
"28 February, 2019",6346
"28 February, 2019",6347
"28 February, 2019",6348
"28 February, 2019",6349
"28 February, 2019",6350
"28 February, 2019",6351
"28 February, 2019",6352
"28 February, 2019",6353
"28 February, 2019",6354
"28 February, 2019",6355
"28 February, 2019",6356
"28 February, 2019",6357
"28 February, 2019",6358
"28 February, 2019",6359
"28 February, 2019",6360
"28 February, 2019",6361
"28 February, 2019",6362
"28 February, 2019",6363
"28 February, 2019",6364
"28 February, 2019",6365
"28 February, 2019",6366
"28 February, 2019",6367
"28 February, 2019",6368
"28 February, 2019",6369
"28 February, 2019",6370
"28 February, 2019",6371
"28 February, 2019",6372
"28 February, 2019",6373
"28 February, 2019",6374
"28 February, 2019",6375
"28 February, 2019",6376
"28 February, 2019",6377
"1 March, 2019",6378
"1 March, 2019",6379
